source,Cond,pH,Na,Mg,Ca,Alkalinity,DOC,EU_Chronic HC5,Biomet,BAT,Ppro,predicted
1,370.9902837,7.06,46.0863,5.06331,29.1364,72,5.8,24.73816849,25.18176426,23.93608657,26.6076388,25.033266
2,293.5445952,8.56,20.2131,3.38657,21.9044,54,2.7,6.075380834,4.138673229,4.300927351,10.2303948,7.521362
3,372.7491328,7.7,33.6846,6.02063,29.3048,60,2.5,7.324399012,8.365398382,9.202815834,13.4478816,7.861151
4,459.580401,7.21,48.4896,4.68567,37.8227,62,4.7,21.30042795,20.10382703,20.28074141,20.6144809,20.992313
5,274.4408764,8.02,13.3732,4.88674,20.18,55,2.9,8.515678227,10.48988305,8.337878863,14.6266,8.420514
